id,rtti_name,short_name,vtable_rva
1,ActionStateUpdatedEvent,actionstateupdated,0x2ac16a0
2,ActivateEvent,activate,0x2ac15c0
3,ActivateDefaultStanceEvent,activatedefaultstance,0x2b8a410
4,ActivateEffectEvent,activateeffect,0x2bab228
5,ActivateSensorEvent,activatesensor,0x2ae9700
6,ActorTransferPodArrivedEvent,actortransferpodarrived,0x2ba6528
7,AddCollisionFilterEvent,addcollisionfilter,0x2ba6640
8,AddMapBlipEvent,addmapblip,0x2ba6b80
9,AddOxygenTimeEvent,addoxygentime,0x2ba5e60
10,AddTempZoneEvent,addtempzone,0x2baa850
11,AIOrderCancelledEvent,aiordercancelled,0x2ba7168
12,AIOrderFinishedEvent,aiorderfinished,0x2ba7130
13,AIOrderParamEditedEvent,aiorderparamedited,0x2ba71d8
14,AIOrderReadyEvent,aiorderready,0x2ba7280
15,AIOrderSyncPointReleasedEvent,aiordersyncpointreleased,0x2ba71a0
16,AirlockCycledEvent,airlockcycled,0x2ba5e28
17,AlertLevelChangedEvent,alertlevelchanged,0x2ba8128
18,AmmoChangedEvent,ammochanged,0x2ba5fe8
19,AnimationTickedEvent,animationticked,0x2c80470
20,AnimationTimerExpiredEvent,animationtimerexpired,0x2bafb20
21,ApproachingWaypointEvent,approachingwaypoint,0x2ba9238
22,AreaDamageTriggeredEvent,areadamagetriggered,0x2ba5d10
23,AreaDamageRangeRequestedEvent,areadamagerangerequested,0x2baf500
24,ArrivedAtWaypointEvent,arrivedatwaypoint,0x2baf7a0
25,AssignHiredActorEvent,assignhiredactor,0x2ba5f40
26,AttachBombEvent,attachbomb,0x2b8a598
27,AttachmentEnteredEvent,attachmententered,0x2ba6a68
28,AttachmentLeftEvent,attachmentleft,0x2ba6a30
29,AttachShipToDockEvent,attachshiptodock,0x2ba9cf0
30,AttackedEvent,attacked,0x2ba9580
31,AttackedComponentEvent,attackedcomponent,0x2ba9548
32,AttackStartedEvent,attackstarted,0x2ba7600
33,AttackStoppedEvent,attackstopped,0x2ba74e8
34,AutoPilotDeactivatedEvent,autopilotdeactivated,0x2b32888
35,AutoPilotTargetSetEvent,autopilottargetset,0x2ba6de8
36,BecameFormationLeaderEvent,becameformationleader,0x2baf6f8
37,BecameFormationWingmanEvent,becameformationwingman,0x2baf6c0
38,BoardingOperationAbortedEvent,boardingoperationaborted,0x2ba7408
39,BoardingOperationCreatedEvent,boardingoperationcreated,0x2ba7558
40,BoardingOperationRemovedEvent,boardingoperationremoved,0x2ba73d0
41,BoardingOperationStartedEvent,boardingoperationstarted,0x2ba7520
42,BoardingPhaseChangedEvent,boardingphasechanged,0x2ba7478
43,BoardingSupportFailedEvent,boardingsupportfailed,0x2baf998
44,BoardingSupportRequestedEvent,boardingsupportrequested,0x2ba7a28
45,BoardingSupportSucceededEvent,boardingsupportsucceeded,0x2baf960
46,BoardingTriggeredEvent,boardingtriggered,0x2ba7440
47,BombAttachedEvent,bombattached,0x2bab1b8
48,BombDefusedEvent,bombdefused,0x2bab260
49,BoostChargeFinishedEvent,boostchargefinished,0x2ae9a48
50,BoostChargeStartedEvent,boostchargestarted,0x2ae9b28
51,BoostChargeAbortedEvent,boostchargestopped,0x2ae9a80
52,BoostDisabledEvent,boostdisabled,0x2bafd50
53,BoostStartedEvent,booststarted,0x2ae9ab8
54,BoostStoppedEvent,booststopped,0x2ae9af0
55,BuildCancelledEvent,buildcancelled,0x2baa6c8
56,BuildFinishedEvent,buildfinished,0x2baae70
57,BuildFinishedComponentsEvent,buildfinishedcomponents,0x2baae38
58,BuildPausedEvent,buildpaused,0x2baaea8
59,BuildPlotChangedEvent,buildplotchanged,0x2baaf18
60,BuildResumedEvent,buildresumed,0x2baaee0
61,BuildStartedEvent,buildstarted,0x2baaf88
62,BuildStorageMovedEvent,buildstoragemoved,0x2ac16d8
63,BuildTaskAddedEvent,buildtaskadded,0x2baa5e8
64,BuildTaskLoadoutAppliedEvent,buildtaskloadoutapplied,0x2baa700
65,CameraEnteredEvent,cameraentered,0x2bafce0
66,CameraLeftEvent,cameraleft,0x2bafca8
67,CeaseFireEvent,ceasefire,0x2ba9dd0
68,ChangedAdjacentZoneAttentionEvent,changedadjacentzoneattention,0x2ac1748
69,ChangedAssignmentEvent,changedassignment,0x2ba8b70
70,ChangedAttentionEvent,changedattention,0x2ba8160
71,ChangedClusterEvent,changedcluster,0x2ba9af8
72,ChangeDefenceDroneModeEvent,changedefencedronemode,0x2ba8438
73,ChangedEnvironmentObjectEvent,changedenvironmentobject,0x2ba99e0
74,ChangedHiddenStateEvent,changedhiddenstate,0x2ba89e8
75,ChangedHighwaySectionEvent,changedhighwaysection,0x2b18578
76,ChangedNameEvent,changedname,0x2ba99a8
77,ChangedObjectEvent,changedobject,0x2ba9820
78,ChangedOwnerEvent,changedowner,0x2ba9a50
79,ChangedOwnershipContestedEvent,changedownershipcontested,0x2ba9200
80,ChangedPlayerActivityEvent,changedplayeractivity,0x2b48d60
81,ChangedRoomEvent,changedroom,0x2ba9938
82,ChangedSceneEvent,changedscene,0x2ba9ac0
83,ChangedSectorEvent,changedsector,0x2ba9b30
84,ChangedStateEvent,changedstate,0x2ba8a20
85,ChangedSubordinateGroupEvent,changedsubordinategroup,0x2ba8b38
86,ChangedTrueOwnerEvent,changedtrueowner,0x2ba9a18
87,ChangedZoneEvent,changedzone,0x2ba9a88
88,ChangeGeometryStateEvent,changegeometrystate,0x2baa038
89,ChangeMiningDroneModeEvent,changeminingdronemode,0x2ba8320
90,ChangeMovementEvent,changemovement,0x2baa000
91,ChangeRoomEvent,changeroom,0x2baa7a8
92,ChangeTransportDroneModeEvent,changetransportdronemode,0x2ba82e8
93,CharacterAnimationFinishedEvent,characteranimationfinished,0x2baa9a0
94,CharacterAnimationStartedEvent,characteranimationstarted,0x2baa9d8
95,ClaimedAsSalvageEvent,claimedassalvage,0x2baa540
96,ClaimedShipEvent,claimedship,0x2ba77c0
97,ClearCollidingObjectEvent,clearcollidingobject,0x2b8a3d8
98,ClusterAddedEvent,clusteradded,0x2ba7ad0
99,ClusterRemovedEvent,clusterremoved,0x2ba7b78
100,CockpitToggledEvent,cockpittoggled,0x2baf458
101,CockpitViewActivatedEvent,cockpitviewactivated,0x2baf538
102,CollectedAmmoEvent,collectedammo,0x2ba9d98
103,CollectedBlueprintEvent,collectedblueprint,0x2baa2a0
104,CollectedDataEvent,collecteddata,0x2baa188
105,CollectedPowerUpEvent,collectedpowerup,0x2ac1668
106,CollectedResourceEvent,collectedresource,0x2baa310
107,CollectedWareEvent,collectedware,0x2baa230
108,CollectWareFailedEvent,collectwarefailed,0x2baa2d8
109,CollisionEvent,collision,0x2ba5e98
110,CommanderSetEvent,commanderset,0x2ba9190
111,ComponentDismantledEvent,componentdismantled,0x2baa4d0
112,ConstructionSequenceGeneratedEvent,constructionsequencegenerated,0x2ba68e0
113,ControlEntityAddedEvent,controlentityadded,0x2ba8fd0
114,ControlEntityRemovedEvent,controlentityremoved,0x2ba8f98
115,ControlStartedEvent,controlstarted,0x2ba9040
116,ControlStoppedEvent,controlstopped,0x2ba9008
117,ConversationFinishedEvent,conversationfinished,0x2ba7e50
118,ConversationNextSectionEvent,conversationnextsection,0x2ba7e18
119,ConversationReturnedToSectionEvent,conversationreturnedtosection,0x2ba7e88
120,ConversationStartedEvent,conversationstarted,0x2ba7f30
121,CooldownFinishedEvent,cooldownfinished,0x2b8a4f0
122,CountermeasureLaunchedEvent,countermeasurelaunched,0x2ba8e48
123,CrateEnteredEvent,crateentered,0x2ba9900
124,CrateLeftEvent,crateleft,0x2ba98c8
125,CrateOpenedEvent,crateopened,0x2ba9970
126,CutsceneCameraCreatedEvent,cutscenecameracreated,0x2c6d888
127,CutsceneReadyEvent,cutsceneready,0x2c6d7e0
128,CutsceneSignalEvent,cutscenesignal,0x2c6d818
129,CutsceneStartedEvent,cutscenestarted,0x2c6d7a8
130,CutsceneStoppedEvent,cutscenestopped,0x2c6d850
131,CycledActiveWeaponAmmoEvent,cycledactiveweaponammo,0x2ae9620
132,DamageEvent,damage,0x2ba9f58
133,DataVaultUnlockedEvent,datavaultunlocked,0x2ba5bf8
134,DeactivateEvent,deactivate,0x2ac1588
135,DecayHullEvent,decayhull,0x2ae9578
136,DeployableFinishedLaunchingEvent,deployablefinishedlaunching,0x2ae95e8
137,DestructibleChangedStateEvent,destructiblechangedstate,0x2ba89b0
138,DestructibleRepairedEvent,destructiblerepaired,0x2ba6678
139,DetachedFromMassTrafficEvent,detachedfrommasstraffic,0x2b8a560
140,DetachShipFromDockEvent,detachshipfromdock,0x2ba9cb8
141,DiplomacyActionOperationAbortedEvent,diplomacyactionoperationaborted,0x2ba7a60
142,DiplomacyActionOperationCompletedEvent,diplomacyactionoperationcompleted,0x2ba7948
143,DiplomacyActionOperationCreatedEvent,diplomacyactionoperationcreated,0x2ba79f0
144,DiplomacyActionOperationStartedEvent,diplomacyactionoperationstarted,0x2ba7a98
145,DiplomacyEventOperationAbortedEvent,diplomacyeventoperationaborted,0x2ba7980
146,DiplomacyEventOperationCompletedEvent,diplomacyeventoperationcompleted,0x2ba7868
147,DiplomacyEventOperationCreatedEvent,diplomacyeventoperationcreated,0x2ba7910
148,DiplomacyEventOperationOptionChosenEvent,diplomacyeventoperationoptionchosen,0x2ba7830
149,DiplomacyEventOperationStartedEvent,diplomacyeventoperationstarted,0x2ba79b8
150,DismantledEvent,dismantled,0x2baa658
151,DismantledComponentEvent,dismantledcomponent,0x2baa578
152,DismantlingFailedEvent,dismantlingfailed,0x2baa508
153,DismantlingFinishedEvent,dismantlingfinished,0x2baa620
154,DistressDroneLaunchedEvent,distressdronelaunched,0x2ba8ba8
155,DockAssignedEvent,dockassigned,0x2ba92a8
156,DockedEvent,docked,0x2ba97b0
157,DockingAbortedEvent,dockingaborted,0x2ba9c48
158,DockingBayAvailableEvent,dockingbayavailable,0x2ba64f0
159,DockingDeniedEvent,dockingdenied,0x2ba96d0
160,DockingImpossibleEvent,dockingimpossible,0x2ba9698
161,DockingQueuedEvent,dockingqueued,0x2ac15f8
162,DockingStartedEvent,dockingstarted,0x2ba9778
163,DockTooFarEvent,docktoofar,0x2ba9c80
164,DockUnassignedEvent,dockunassigned,0x2ba9350
165,DroppedObjectEvent,droppedobject,0x2ba6fa8
166,EfficiencyResetEvent,efficiencyreset,0x2ae9818
167,EjectedEvent,ejected,0x2ac1550
168,EjectingEvent,ejecting,0x2b48bd8
169,EjectNPCsEvent,ejectnpcs,0x2ba7750
170,EjectPeopleEvent,ejectpeople,0x2ba77f8
171,EjectRecyclableEvent,ejectrecyclable,0x2ba58e8
172,EmptyWeaponGroupFiredEvent,emptyweapongroupfired,0x2ba5ed0
173,EnteredAnomalyEvent,enteredanomaly,0x2baa7e0
174,EnteredGateEvent,enteredgate,0x2ba9fc8
175,EntityChangedOwnerEvent,entitychangedowner,0x2baa1c0
176,EntityChangedTrueOwnerEvent,entitychangedtrueowner,0x2baa0a8
177,EntityEnteredEvent,entityentered,0x2baa070
178,EntityHiddenStateChangedEvent,entityhiddenstatechanged,0x2baa0e0
179,EntityLeftEvent,entityleft,0x2baa118
180,EntityTransportationFinishedEvent,entitytransportationfinished,0x2baa818
181,ExplorationChartCompletedEvent,explorationchartcompleted,0x2ba5bc0
182,ExternalTargetViewActivatedEvent,externaltargetviewactivated,0x2baf3e8
183,ExternalViewActivatedEvent,externalviewactivated,0x2baf420
184,FactionActivatedEvent,factionactivated,0x2ba8710
185,FactionDeactivatedEvent,factiondeactivated,0x2ba86d8
186,FactionHeadquartersChangedEvent,factionheadquarterschanged,0x2ba8588
187,FactionPoliceChangedEvent,factionpolicechanged,0x2ba85c0
188,FactionRelationChangedEvent,factionrelationchanged,0x2ba8780
189,FactionRelationRangeChangedEvent,factionrelationrangechanged,0x2ba87b8
190,FactionRepresentativeChangedEvent,factionrepresentativechanged,0x2ba8630
191,FadeOutEffectEvent,fadeouteffect,0x2baf688
192,FindTargetEvent,findtarget,0x2ae9a10
193,FlightControlStartedEvent,flightcontrolstarted,0x2ba90b0
194,FlightControlStoppedEvent,flightcontrolstopped,0x2ba9078
195,FloatingViewActivatedEvent,floatingviewactivated,0x2baf490
196,FlyInMassTrafficEvent,flyinmasstraffic,0x2b9e8f0
197,FogOfWarChangedEvent,fogofwarchanged,0x2ba5878
198,FormationUpdateFailedEvent,formationupdatefailed,0x2baf730
199,FormationUpdateSucceededEvent,formationupdatesucceeded,0x2baf768
200,GameLoadedEvent,gameloaded,0x2ba6e20
201,GameOverEvent,gameover,0x2baad58
202,GameSavedEvent,gamesaved,0x2ba6d08
203,GameStartedEvent,gamestarted,0x2ba6e58
204,GameTriggerEvent,gametrigger,0x2ba9ee8
205,GenerateMazesEvent,generatemazes,0x2baa968
206,GeneratePropsEvent,generateprops,0x2ac1780
207,GetUpEvent,getup,0x2a85278
208,GodCreatedFactoryEvent,godcreatedfactory,0x2ba68a8
209,GodCreatedObjectEvent,godcreatedobject,0x2ba6918
210,GodCreatedShipEvent,godcreatedship,0x2ba6870
211,GodCreatedStationEvent,godcreatedstation,0x2ba70c0
212,GravidarAddedEvent,gravidaradded,0x2baf8b8
213,GravidarFactorChangedEvent,gravidarfactorchanged,0x2ba58b0
214,GravidarFoundDropsEvent,gravidarfounddrops,0x2ba9e40
215,GravidarFoundEnemyEvent,gravidarfoundenemy,0x2ba9e08
216,GravidarHasScannedEvent,gravidarhasscanned,0x2baf7d8
217,HackedEvent,hacked,0x2ba7c90
218,HackExpiredEvent,hackexpired,0x2ae96c8
219,HUDToggledEvent,hudtoggled,0x2ba6988
220,HullAboveFunctionThresholdEvent,hullabovefunctionthreshold,0x2ba82b0
221,HullBelowFunctionThresholdEvent,hullbelowfunctionthreshold,0x2ba8278
222,HullDamagedEvent,hulldamaged,0x2ba8978
223,HullRepairedEvent,hullrepaired,0x2ba8860
224,HullResetEvent,hullreset,0x2ba8828
225,IllegalActivityDetectedEvent,illegalactivitydetected,0x2ba74b0
226,IncomingMessageEvent,incomingmessage,0x2ba62f8
227,IncomingMessageReadEvent,incomingmessageread,0x2ba62c0
228,IncomingMissileEvent,incomingmissile,0x2ba8010
229,InfluenceUpdatedEvent,influenceupdated,0x2ba7ec0
230,InteriorsDespawningEvent,interiorsdespawning,0x2ac17f0
231,InventoryWaresAddedEvent,inventorywaresadded,0x2ba6d40
232,InventoryWaresRemovedEvent,inventorywaresremoved,0x2ba7328
233,JobShipActivatedEvent,jobshipactivated,0x2ba67c8
234,JoinedFormationEvent,joinedformation,0x2baf810
235,KillEvent,kill,0x2baad90
236,KillCheckEvent,killcheck,0x2a36518
237,KilledEvent,killed,0x2baae00
238,KilledComponentEvent,killedcomponent,0x2baadc8
239,LaserTowerLaunchedEvent,lasertowerlaunched,0x2ba8eb8
240,LeaveScenarioConsoleEvent,leavescenarioconsole,0x2b48a50
241,LeftFormationEvent,leftformation,0x2baf848
242,LicenceAddedEvent,licenceadded,0x2ba86a0
243,LicenceLostEvent,licencelost,0x2ba8668
244,LockAcquiredEvent,lockacquired,0x2ba7d70
245,LockboxOpenedEvent,lockboxopened,0x2ba6058
246,LockInitiatedEvent,lockinitiated,0x2ba7d38
247,LockLostEvent,locklost,0x2ba7de0
248,LongRangeScanPingEvent,longrangescanping,0x2ba8550
249,LongRangeScanSentEvent,longrangescansent,0x2ba8518
250,MappedBoundsChangedEvent,mappedboundschanged,0x2ba5990
251,MassTrafficNetworkRemovedEvent,masstrafficnetworkremoved,0x2ba9708
252,MineLaunchedEvent,minelaunched,0x2ba8d68
253,MissileLaunchedEvent,missilelaunched,0x2ba7f68
254,MissionInfoUpdateEvent,missioninfoupdate,0x2bafa78
255,MissionObjectiveBarUpdateEvent,missionobjectivebarupdate,0x2bafa40
256,MissionObjectiveHintUpdateEvent,missionobjectivehintupdate,0x2ba7d00
257,MissionOfferAddedEvent,missionofferadded,0x2c76328
258,MissionOfferRemovedEvent,missionofferremoved,0x2c76398
259,MissionOfferUpdatedEvent,missionofferupdated,0x2ba7fd8
260,MissionRemovedEvent,missionremoved,0x2c76360
261,MoneyUpdatedEvent,moneyupdated,0x2ba7ef8
262,MovedIntoInternalStorageEvent,movedintointernalstorage,0x2ba9ba0
263,NavBeaconLaunchedEvent,navbeaconlaunched,0x2ba8dd8
264,NavHelperGeneratedEvent,navhelpergenerated,0x2baf4c8
265,NavHelperRegeneratedEvent,navhelperregenerated,0x2baf570
266,NotificationFreedEvent,notificationfreed,0x2a852b0
267,NPCCreatedEvent,npccreated,0x2baa930
268,NPCFinishWalkEvent,npcfinishwalk,0x2baa888
269,NPCSlotsValidatedEvent,npcslotsvalidated,0x2ba6bf0
270,NPCWalkFinishedEvent,npcwalkfinished,0x2b48c10
271,ObjectAbandonedEvent,objectabandoned,0x2ac1518
272,ObjectChangedOwnerEvent,objectchangedowner,0x2ba9510
273,ObjectChangedStateEvent,objectchangedstate,0x2ba94d8
274,ObjectChangedStateInLiveViewEvent,objectchangedstateinliveview,0x2ba6fe0
275,ObjectChangedTrueOwnerEvent,objectchangedtrueowner,0x2ba93c0
276,ObjectCollidedEvent,objectcollided,0x2ba7210
277,ObjectCommanderSetEvent,objectcommanderset,0x2ba8ac8
278,ObjectDefenceDroneModeChangedEvent,objectdefencedronemodechanged,0x2ba8390
279,ObjectDefenceDronesArmedEvent,objectdefencedronesarmed,0x2ae9770
280,ObjectDefenceDronesDisarmedEvent,objectdefencedronesdisarmed,0x2ae97a8
281,ObjectDockAssignedEvent,objectdockassigned,0x2ba9318
282,ObjectDockedEvent,objectdocked,0x2ba9388
283,ObjectDockingStartedEvent,objectdockingstarted,0x2ba9430
284,ObjectDockUnassignedEvent,objectdockunassigned,0x2ba8b00
285,ObjectEnteredEvent,objectentered,0x2ba94a0
286,ObjectEnteredLiveViewEvent,objectenteredliveview,0x2bafa08
287,ObjectEnteredPlayerViewEvent,objectenteredplayerview,0x2baf5e0
288,ObjectLaunchedCountermeasureEvent,objectlaunchedcountermeasure,0x2ba8ef0
289,ObjectLaunchedDistressDroneEvent,objectlauncheddistressdrone,0x2ba8c50
290,ObjectLaunchedLaserTowerEvent,objectlaunchedlasertower,0x2ba8da0
291,ObjectLaunchedMineEvent,objectlaunchedmine,0x2ba8e10
292,ObjectLaunchedNavBeaconEvent,objectlaunchednavbeacon,0x2ba8cc0
293,ObjectLaunchedResourceProbeEvent,objectlaunchedresourceprobe,0x2ba8d30
294,ObjectLaunchedSatelliteEvent,objectlaunchedsatellite,0x2ba8be0
295,ObjectLeftEvent,objectleft,0x2ba9468
296,ObjectLeftLiveViewEvent,objectleftliveview,0x2baf9d0
297,ObjectLeftPlayerViewEvent,objectleftplayerview,0x2baf5a8
298,ObjectMiningDroneModeChangedEvent,objectminingdronemodechanged,0x2ba8358
299,ObjectMiningDronesArmedEvent,objectminingdronesarmed,0x2ae9850
300,ObjectMiningDronesDisarmedEvent,objectminingdronesdisarmed,0x2ae9888
301,ObjectMovedIntoInternalStorageEvent,objectmovedintointernalstorage,0x2ba9b68
302,ObjectOpenedLockboxEvent,objectopenedlockbox,0x2ba6020
303,ObjectPickedUpEvent,objectpickedup,0x2baa150
304,ObjectRelationRangeChangedEvent,objectrelationrangechanged,0x2ba87f0
305,ObjectRetrievedFromInternalStorageEvent,objectretrievedfrominternalstorage,0x2ba9bd8
306,ObjectSignalledEvent,objectsignalled,0x2ba7018
307,ObjectTransportDroneModeChangedEvent,objecttransportdronemodechanged,0x2ba8240
308,ObjectTransportDronesArmedEvent,objecttransportdronesarmed,0x2ae98c0
309,ObjectTransportDronesDisarmedEvent,objecttransportdronesdisarmed,0x2ae98f8
310,ObjectTriggeredEvent,objecttriggered,0x2ba72b8
311,ObjectUndockedEvent,objectundocked,0x2ba93f8
312,ObjectUndockingStartedEvent,objectundockingstarted,0x2ba92e0
313,ObjectWeaponModeChangedEvent,objectweaponmodechanged,0x2ba8208
314,ObservationStartedEvent,observationstarted,0x2ba7590
315,ObservationStoppedEvent,observationstopped,0x2ba7638
316,OnlineMissionOfferRequestedEvent,onlinemissionofferrequested,0x2ba5b88
317,OnlineOperationUpdatedEvent,onlineoperationupdated,0x2a34d08
318,OpenLockboxEvent,openlockbox,0x2ba5f08
319,OpenScenarioSelectionMenuEvent,openscenarioselectionmenu,0x2ba5d48
320,OutOfAmmoEvent,outofammo,0x2ba9d28
321,OxygenEmptyEvent,oxygenempty,0x2b8a4b8
322,OxygenLowEvent,oxygenlow,0x2ba66e8
323,PaidBuildPlotChangedEvent,paidbuildplotchanged,0x2baafc0
324,PauseEvent,pause,0x2bafb90
325,PerformTransporterTransitionEvent,performtransportertransition,0x2baa770
326,PhaseStartedEvent,phasestarted,0x2ba59c8
327,PhysicalChildAddedEvent,physicalchildadded,0x2ba8a58
328,PhysicalChildChangedSizeEvent,physicalchildchangedsize,0x2ba8940
329,PhysicalChildRemovedEvent,physicalchildremoved,0x2ba8908
330,PickedUpObjectEvent,pickedupobject,0x2baa1f8
331,PlatformActorCreatedEvent,platformactorcreated,0x2ba75c8
332,PlatformTriggerActivatedEvent,platformtriggeractivated,0x2ba6c60
333,PlatformTriggerDeactivatedEvent,platformtriggerdeactivated,0x2ba6b48
334,PlatformTriggerUnlockedEvent,platformtriggerunlocked,0x2ba6c98
335,PlayAmmunitionReloadFinishedSoundEvent,playammunitionreloadfinishedsound,0x2b8a448
336,PlayerAlertEvent,playeralert,0x2ba6ec8
337,PlayerBlueprintAddedEvent,playerblueprintadded,0x2ba9d60
338,PlayerBuildTaskAddedEvent,playerbuildtaskadded,0x2baa5b0
339,PlayerCameraModeChangedEvent,playercameramodechanged,0x2b9e928
340,PlayerChangedTargetEvent,playerchangedtarget,0x2ba6f38
341,PlayerCraftedAmmoEvent,playercraftedammo,0x2baa348
342,PlayerCreatedEvent,playercreated,0x2b48ba0
343,PlayerDetectedObjectEvent,playerdetectedobject,0x2baac78
344,PlayerDiscoveredComponentEvent,playerdiscoveredcomponent,0x2baabd0
345,PlayerDiscoveredMissionOfferEvent,playerdiscoveredmissionoffer,0x2baac08
346,PlayerHackedObjectEvent,playerhackedobject,0x2ba7c58
347,PlayerInteractionEvent,playerinteraction,0x2ba90e8
348,PlayerInterfaceUpdatedEvent,playerinterfaceupdated,0x2b48c48
349,PlayerOwnedObjectAttackedObjectEvent,playerownedobjectattackedobject,0x2ba95f0
350,PlayerOwnedObjectCollectedResourceEvent,playerownedobjectcollectedresource,0x2baa3b8
351,PlayerOwnedObjectDroppedObjectEvent,playerownedobjectdroppedobject,0x2ba6f70
352,PlayerOwnedObjectKilledObjectEvent,playerownedobjectkilledobject,0x2baacb0
353,PlayerOwnedObjectKilledEvent,playerownedobjectwaskilled,0x2baace8
354,PlayerPriceModifierAddedEvent,playerpricemodifieradded,0x2ba9eb0
355,PlayerPriceModifiersUpdatedEvent,playerpricemodifiersupdated,0x2b48c80
356,PlayerResearchAddedEvent,playerresearchadded,0x2ba9e78
357,PlayerShipHitEvent,playershiphit,0x2ba95b8
358,PlayerTradeDiscoveredEvent,playertradediscovered,0x2baac40
359,PlayerVisibleRoomAddedEvent,playervisibleroomadded,0x2ba6790
360,PlayerVisibleRoomRemovedEvent,playervisibleroomremoved,0x2ba6838
361,PlayerWarningEvent,playerwarning,0x2ba76e0
362,PlayRandomNoiseEvent,playrandomnoise,0x2ba7bb0
363,PlaySoundEvent,playsound,0x2ba7cc8
364,POIAddedEvent,poiadded,0x2bafae8
365,POIRemovedEvent,poiremoved,0x2bafab0
366,PrimaryWeaponRangeRequestedEvent,primaryweaponrangerequested,0x2ba7088
367,ProcessAssignedRecyclableObjectEvent,processassignedrecyclableobject,0x2ba5a38
368,ProcessingModuleAvailableEvent,processingmoduleavailable,0x2ba5958
369,ProductionCancelledEvent,productioncancelled,0x2baaa10
370,ProductionFinishedEvent,productionfinished,0x2baa498
371,ProductionPausedEvent,productionpaused,0x2baaa48
372,ProductionResumedEvent,productionresumed,0x2baa460
373,ProductionStartedEvent,productionstarted,0x2baa3f0
374,PropsDespawningEvent,propsdespawning,0x2baaa80
375,PropsGeneratedEvent,propsgenerated,0x2baaab8
376,PurgeBoardingOperationEvent,purgeboardingoperation,0x2bab030
377,PurgeBuildTaskEvent,purgebuildtask,0x2bab148
378,PurgeOperationEvent,purgeoperation,0x2baaff8
379,PurgeTradeEvent,purgetrade,0x2bab180
380,RadarVisibilityChangedEvent,radarvisibilitychanged,0x2bab0a0
381,RecyclableEjectedEvent,recyclableejected,0x2ae95b0
382,RecyclableNearFurnaceEvent,recyclablenearfurnace,0x2ba5a00
383,RecyclableProcessedEvent,recyclableprocessedevent,0x2ba5a70
384,RecyclableProcessingStartedEvent,recyclableprocessingstartedevent,0x2ba5aa8
385,RegionAsteroidMinedEvent,regionasteroidmined,0x2baa380
386,RelationChangedEvent,relationchanged,0x2ba8198
387,RelationRangeChangedEvent,relationrangechanged,0x2ba8748
388,RemoveCollisionFilterEvent,removecollisionfilter,0x2ba6c28
389,RemovedFromFormationEvent,removedfromformation,0x2b48b68
390,RemoveRegionObjectsEvent,removeregionobjects,0x2baf618
391,RemoveTempComponentEvent,removetempcomponent,0x2b9e8b8
392,RepairEvent,repair,0x2ba9f20
393,RepairRequestedEvent,repairrequested,0x2ba78d8
394,ReplacePhysicsShapesEvent,replacephysicsshapes,0x2ba5b50
395,ResetDockStateEvent,resetdockstate,0x2ae9658
396,ResetZoomGogglesEvent,resetzoomgoggles,0x2b48ac0
397,ResourceAreaActivatedEvent,resourceareaactivated,0x2ba5d80
398,ResourceAreaRespawnJobFinishedEvent,resourcearearespawnjobfinished,0x2ba5cd8
399,ResourceAreaSpawnedEvent,resourceareaspawned,0x2ba5c68
400,ResourceAreaDepletedEvent,resourceareadepleted,0x2ba5c30
401,ResourceProbeLaunchedEvent,resourceprobelaunched,0x2ba8c88
402,RestoreEvent,restore,0x2baad20
403,RestoredEvent,restored,0x2ae99d8
404,ResumeEvent,resume,0x2bafb58
405,RetrievedFromInternalStorageEvent,retrievedfrominternalstorage,0x2ba9c10
406,ReturnUnitEvent,returnunit,0x2ba7788
407,SalvageClaimLostEvent,salvageclaimlost,0x2baa428
408,SatelliteLaunchedEvent,satellitelaunched,0x2ba8cf8
409,ScanAbortedEvent,scanaborted,0x2ba85f8
410,ScanFinishedEvent,scanfinished,0x2ba84e0
411,ScanStartedEvent,scanstarted,0x2ba84a8
412,ScenarioConsoleLeftEvent,scenarioconsoleleft,0x2b48af8
413,SectorAddedEvent,sectoradded,0x2ba7b40
414,SectorChangedOwnerEvent,sectorchangedowner,0x2ba91c8
415,SectorChangedTrueOwnerEvent,sectorchangedtrueowner,0x2ba9270
416,SectorRemovedEvent,sectorremoved,0x2ba8080
417,SectorResourceDepletedEvent,sectorresourcedepleted,0x2baa268
418,SensorTriggeredEvent,sensortriggered,0x2b9e880
419,SetDetectedResourceAreaOverlapFractionEvent,setdetectedresourceareaoverlapfraction,0x2ba5ca0
420,SetKnownToPlayerEvent,setknowntoplayer,0x2ba8a90
421,SetMinHullValueEvent,setminhullvalue,0x2ba6db0
422,SetStoreShipAllowedEvent,setstoreshipallowed,0x2ae9690
423,SetTerraformingPlanetTextureEvent,setterraformingplanettexture,0x2ba5df0
424,ShieldDamagedEvent,shielddamaged,0x2ba88d0
425,ShieldRepairedEvent,shieldrepaired,0x2ba8898
426,ShipBuiltEvent,shipbuilt,0x2baa690
427,ShootTargetRemovedEvent,shoottargetremoved,0x2ba6170
428,ShootTargetSetEvent,shoottargetset,0x2ba69c0
429,SignalLeakRepairedEvent,signalleakrepaired,0x2ba65d0
430,SignalLeaksCreatedEvent,signalleakscreated,0x2ba6b10
431,SignalNextEnvMapProbeRenderEvent,signalnextenvmapproberender,0x2baf3b0
432,SignalUnlockFailedEvent,signalunlockfailed,0x2ba6758
433,SignalUnlockFinishedEvent,signalunlockfinished,0x2ba6720
434,SignalUnlockImpossibleEvent,signalunlockimpossible,0x2ba6608
435,SignalUnlockStartedEvent,signalunlockstarted,0x2ba66b0
436,SpaceReservationExpiredEvent,spacereservationexpired,0x2baa8f8
437,SpawnSurfaceAttachmentEvent,spawnsurfaceattachment,0x2ba6bb8
438,SpeakFinishedEvent,speakfinished,0x2ba76a8
439,SpeakLineFinishedEvent,speaklinefinished,0x2ba7718
440,SpeakTimerTriggeredEvent,speaktimertriggered,0x2ba7670
441,StanceActivatedEvent,stanceactivated,0x2ba5db8
442,StartAmmunitionReloadEvent,startammunitionreload,0x2b8a480
443,StartBoostEvent,startboost,0x2bafd88
444,StartControlEvent,startcontrol,0x2b48d28
445,StartDialogEvent,startdialog,0x2bafc00
446,StartedAimingEvent,startedaiming,0x2ba61e0
447,StartedShootingEvent,startedshooting,0x2b681d0
448,StartPhaseEvent,startphase,0x2ba5920
449,StartTravelModeEvent,starttravelmode,0x2bafc38
450,StationBuiltEvent,stationbuilt,0x2baa738
451,StopBoostEvent,stopboost,0x2ae9930
452,StopCameraAnimationEvent,stopcameraanimation,0x2b48a88
453,StopControlEvent,stopcontrol,0x2b48d98
454,StopDialogEvent,stopdialog,0x2bafbc8
455,StopEnvMapProbeRenderEvent,stopenvmapproberender,0x2ba5510
456,StoppedAimingEvent,stoppedaiming,0x2b68240
457,StoppedShootingEvent,stoppedshooting,0x2b68208
458,StopSoundEvent,stopsound,0x2ba7be8
459,StopTravelModeEvent,stoptravelmode,0x2bab068
460,SubordinateAddedEvent,subordinateadded,0x2ba9158
461,SubordinatePromotedEvent,subordinatepromoted,0x2ba8f60
462,SubordinateRemovedEvent,subordinateremoved,0x2ba8f28
463,SupplyOrderWaresAddedEvent,supplyorderwaresadded,0x2ba7360
464,SupplyOrderWaresRemovedEvent,supplyorderwaresremoved,0x2ba7248
465,SupplyWaresAddedEvent,supplywaresadded,0x2ba72f0
466,SupplyWaresRemovedEvent,supplywaresremoved,0x2ba7398
467,TakeShipFromStorageEvent,takeshipfromstorage,0x2ba6800
468,TargetInvalidEvent,targetinvalid,0x2ba9120
469,TargetLostEvent,targetlost,0x2ba7da8
470,TeleportEvent,teleport,0x2ba9890
471,TeleportFailedEvent,teleportfailed,0x2ba9740
472,TeleportSuccessfulEvent,teleportsuccessful,0x2ba9858
473,TempComponentAddedEvent,tempcomponentadded,0x2ba7c20
474,TempComponentRemovedEvent,tempcomponentremoved,0x2ba7b08
475,TempZoneAddedEvent,tempzoneadded,0x2ba80b8
476,TempZoneRemovedEvent,tempzoneremoved,0x2ba7fa0
477,TerraformingEventAvailableEvent,terraformingeventavailable,0x2ba63d8
478,TerraformingEventCompletedEvent,terraformingeventcompleted,0x2ba6330
479,TerraformingEventStartedEvent,terraformingeventstarted,0x2ba6368
480,TerraformingHabitabilityChangedEvent,terraforminghabitabilitychanged,0x2ac14a8
481,TerraformingProjectAvailableEvent,terraformingprojectavailable,0x2ba6480
482,TerraformingProjectCompletedEvent,terraformingprojectcompleted,0x2ba6448
483,TerraformingProjectFailedEvent,terraformingprojectfailed,0x2ba64b8
484,TerraformingProjectProductionStartedEvent,terraformingprojectproductionstarted,0x2ba6598
485,TerraformingProjectStartedEvent,terraformingprojectstarted,0x2ba6560
486,TerraformingProjectSucceededEvent,terraformingprojectsucceeded,0x2ba6410
487,TerraformingStatAddedEvent,terraformingstatadded,0x2ba63a0
488,TerraformingStatChangedEvent,terraformingstatchanged,0x2ba6250
489,TerraformingStatRemovedEvent,terraformingstatremoved,0x2ba6288
490,TimeWarpCancelledEvent,timewarpcancelled,0x2b48cb8
491,TimeWarpFailedEvent,timewarpfailed,0x2b48cf0
492,TimeWarpStartedEvent,timewarpstarted,0x2b32818
493,TimeWarpStoppedEvent,timewarpstopped,0x2b32850
494,TradeCancelledEvent,tradecancelled,0x2bab0d8
495,TradeCargoArrivedEvent,tradecargoarrived,0x2baab60
496,TradeCargoDepartedEvent,tradecargodeparted,0x2baab98
497,TradeCargoDestroyedEvent,tradecargodestroyed,0x2bab110
498,TradeCompletedEvent,tradecompleted,0x2baaaf0
499,TradeStartedEvent,tradestarted,0x2baab28
500,TrafficLevelChangedEvent,trafficlevelchanged,0x2ba81d0
501,TransitionEvent,transition,0x2ba9f90
502,TransportedToOffsetEvent,transportedtooffset,0x2ba97e8
503,TravelDisabledEvent,traveldisabled,0x2bafc70
504,TravelModeChargeAbortedEvent,travelmodechargeaborted,0x2b48dd0
505,TravelModeChargeStartedEvent,travelmodechargestarted,0x2baaf50
506,TravelModeStartedEvent,travelmodestarted,0x2b48e40
507,TravelModeStoppedEvent,travelmodestopped,0x2b48e08
508,TriggerAnimationEvent,triggeranimation,0x2bab1f0
509,TryEjectRecyclableEvent,tryejectrecyclable,0x2ba5840
510,TurretActivatedEvent,turretactivated,0x2ba6950
511,TurretDeactivatedEvent,turretdeactivated,0x2ba69f8
512,TurretRangeRequestedEvent,turretrangerequested,0x2ba70f8
513,UITriggeredEvent,uitriggered,0x2ba6e90
514,UndockedEvent,undocked,0x2ba9660
515,UndockingClearedEvent,undockingcleared,0x2ae97e0
516,UndockingQueuedEvent,undockingqueued,0x2ac1630
517,UndockingStartedEvent,undockingstarted,0x2ba9628
518,UnitDestroyedEvent,unitdestroyed,0x2ba78a0
519,UnitStartedBuildingEvent,unitstartedbuilding,0x2b9e810
520,UnitStartedRepairingEvent,unitstartedrepairing,0x2b9e7a0
521,UnitStoppedBuildingEvent,unitstoppedbuilding,0x2b9e848
522,UnitStoppedRepairingEvent,unitstoppedrepairing,0x2b9e7d8
523,UniverseGeneratedEvent,universegenerated,0x2bafd18
524,UnlockPlatformTriggersEvent,unlockplatformtriggers,0x2ba5f78
525,UpdateBuildEvent,updatebuild,0x2ac1710
526,UpdateDismantlingEvent,updatedismantling,0x2ae99a0
527,UpdateEngineParametersEvent,updateengineparameters,0x2baf650
528,UpdateGravidarAccessEvent,updategravidaraccess,0x2baf880
529,UpdateGravidarCloakFactorEvent,updategravidarcloakfactor,0x2baf8f0
530,UpdateGravidarScanRadiusEvent,updategravidarscanradius,0x2baf928
531,UpdateHoloMapEvent,updateholomap,0x2ac14e0
532,UpdateMassTrafficInvolvementEvent,updatemasstrafficinvolvement,0x2b96e60
533,UpdateTradeOffersEvent,updatetradeoffers,0x2ac17b8
534,UpdateZoneEvent,updatezone,0x2b48b30
535,VentureAbortedEvent,ventureaborted,0x2ba6ad8
536,VentureCompletedEvent,venturecompleted,0x2ba6aa0
537,VentureShipAddedEvent,ventureshipadded,0x2ba5b18
538,VentureShipRemovedEvent,ventureshipremoved,0x2ba5ae0
539,VerifyPathPointsEvent,verifypathpoints,0x2ba6f00
540,VoiceOutputEvent,voiceoutput,0x2ae9968
541,VolatileWaresAddedEvent,volatilewaresadded,0x2ba6cd0
542,VolatileWaresRemovedEvent,volatilewaresremoved,0x2ba6d78
543,WarpEvent,warp,0x2baa8c0
544,WeaponActivatedEvent,weaponactivated,0x2ba8c18
545,WeaponAmmoChangedEvent,weaponammochanged,0x2ba5fb0
546,WeaponDeactivatedEvent,weapondeactivated,0x2ba8400
547,WeaponFiredEvent,weaponfired,0x2ba8e80
548,WeaponFireRangeRequestedEvent,weaponfirerangerequested,0x2ba7050
549,WeaponGroupActivatedEvent,weapongroupactivated,0x2ba83c8
550,WeaponGroupChangedEvent,weapongroupchanged,0x2ae9738
551,WeaponGroupDeactivatedEvent,weapongroupdeactivated,0x2ba8470
552,WeaponOverheatedEvent,weaponoverheated,0x2b8a528
553,WeaponShootTargetRemovedEvent,weaponshoottargetremoved,0x2ba6218
554,WeaponShootTargetSetEvent,weaponshoottargetset,0x2ba61a8
555,WeaponStartedAimingEvent,weaponstartedaiming,0x2ba60c8
556,WeaponStartedShootingEvent,weaponstartedshooting,0x2ba6138
557,WeaponStoppedAimingEvent,weaponstoppedaiming,0x2ba6090
558,WeaponStoppedShootingEvent,weaponstoppedshooting,0x2ba6100
559,ZoneAddedEvent,zoneadded,0x2ba8048
560,ZoneRemovedEvent,zoneremoved,0x2ba80f0
